West,Joyce
Martinez,Phyllis
Moore,Denise
Gutierrez,Richard
Lawson,Margaret
Stanley,Jimmy
Burns,Jesse
Coleman,Jeremy
Knight,Jeffrey
Edwards,Norma
Stewart,Chris
Webb,Judy
Cooper,Roy
King,Roger
Stephens,George
Ray,Sean
Larson,Cynthia
Lane,Louise
Chavez,Robert
Fuller,Diane
Ford,Jerry
Wells,Carolyn
Harrison,Lillian
Scott,Norma
George,William
Robinson,Andrew
Tucker,Carl
Thompson,Melissa
Allen,Ryan
King,Stephanie
Spencer,Harold
Howard,David
Freeman,Shawn
Hawkins,Anne
Gilbert,Marie
Carroll,Lillian
Lopez,Carol
Ray,Stephen
Price,John
Ray,George
Mills,Lillian
Romero,Carl
Moore,Mary
Bishop,Jeffrey
Harrison,Theresa
Schmidt,Julia
Day,Russell
Marshall,Roy
Ellis,Donna
Fields,Jose
Williams,Ralph
Holmes,Joseph
Schmidt,Keith
Lee,Henry
Fisher,Kenneth
Grant,Bonnie
Castillo,Marie
Rice,Martha
Cruz,Jimmy
Hughes,Justin
Romero,Anthony
Graham,Deborah
Arnold,Henry
Willis,Rebecca
Chavez,Brenda
Brown,Judy
Stevens,Catherine
Nelson,Laura
Kim,Joan
Ramirez,David
Ray,Daniel
Foster,Helen
Graham,Robert
Burns,Ronald
Hudson,Stephen
Griffin,Cynthia
Little,Craig
Davis,Todd
Montgomery,Judy
Stewart,Paul
Phillips,Earl
Butler,Walter
Hunt,Ashley
Welch,Ronald
Gonzales,Jean
Young,Carolyn
Bowman,Nicole
Carter,Sharon
Gutierrez,Bruce
Russell,David
Stevens,Paula
Berry,Theresa
Myers,Charles
Jacobs,Christina
Morris,Kathy
Wallace,Peter
Reed,Patricia
Little,Steven
Stevens,Steve
Wells,Benjamin
Gonzalez,Johnny
Rice,Gregory
Mcdonald,Judy
Arnold,Judith
Olson,Ralph
Riley,Harry
Myers,Willie
Carter,Angela
Nguyen,Amanda
Sullivan,Kenneth
Carpenter,Rose
Carpenter,Diana
Franklin,Louise
Young,Jeffrey
Lane,Earl
Powell,Brian
Sullivan,Roger
Simpson,Cynthia
Lee,Betty
Dunn,Lawrence
Warren,Thomas
Wright,Donna
Harrison,Carol
Little,Paul
Gonzalez,Sarah
Young,Annie
Grant,Annie
Webb,Martin
Dixon,Angela
Gomez,Karen
Chavez,Keith
Vasquez,Scott
Mills,Eric
Knight,Teresa
Gonzalez,Bruce
Day,Joyce
Holmes,Debra
Welch,Jane
Duncan,Richard
Lane,Lois
Hernandez,Anna
Stephens,Kenneth
Greene,Adam
Carpenter,Clarence
Oliver,Pamela
Lynch,Chris
Ellis,Scott
Fowler,Walter
Day,Lawrence
Lane,Jason
Morris,Eugene
Cooper,Frank
Long,Jeffrey
Dixon,Tammy
Alexander,Melissa
Scott,Cheryl
Owens,Paul
Clark,Arthur
Diaz,Paul
Chapman,Janet
Porter,Carolyn
Stone,Robert
Fox,Tammy
Fernandez,Keith
West,Cheryl
Murray,Richard
Gilbert,Rebecca
Larson,Lawrence
Dixon,Clarence
Mason,Patricia
Patterson,Jonathan
Harris,Howard
Olson,Jerry
Wheeler,Arthur
Sullivan,Lori
Roberts,Diana
Little,Jennifer
Harvey,George
Williamson,Jack
Phillips,Jeffrey
Hart,Eugene
Morrison,William
Morgan,Clarence
Montgomery,Ashley
Fernandez,Virginia
Fox,Mary
Romero,Carl
Porter,Denise
Powell,Roy
Gray,Phillip
Ferguson,Joseph
Hanson,Melissa
Castillo,Julia
Carter,Matthew
Fields,Judith
Sanders,Laura
Morgan,Brenda
Clark,Amy
Ross,Carol
Lawson,Angela
Cox,Ryan
Wilson,Norma
Carpenter,Larry
Riley,Albert
Ramos,Anne
Burke,Andrew
Fernandez,Keith
Scott,Julia
Taylor,Kimberly
Fernandez,Carolyn
Scott,Brenda
Bell,Kathleen
Carpenter,James
Berry,Christina
Stewart,Julie
Young,Stephen
Lane,Jeremy
Hall,Kimberly
Allen,Martin
Carter,Terry
Price,Ralph
Lawson,Joan
Baker,Sharon
Holmes,Rachel
Gilbert,Daniel
Wood,John
Kelley,Amanda
Snyder,Harry
Pierce,Jesse
Medina,Jean
Mcdonald,Diana
Daniels,Kevin
Dean,Philip
Porter,Sarah
Hill,Ashley
Palmer,Brandon
Robinson,Martin
Fuller,Thomas
Morrison,Teresa
Hansen,Matthew
Morris,Cheryl
Taylor,Wanda
Miller,Peter
Richardson,Helen
Pierce,Anthony
Collins,Marilyn
Andrews,Angela
Riley,Jennifer
Cook,Gloria
White,Deborah
Davis,Dennis
Fowler,Randy
Ray,Teresa
Kelly,Peter
Harvey,Barbara
Dunn,Paul
Coleman,Craig
Harvey,Brian
Gomez,Patricia
Carr,Louise
Gutierrez,Karen
Armstrong,Steven
Griffin,Bruce
Wheeler,Chris
Allen,Stephanie
Ferguson,Margaret
Barnes,Jeffrey
Harper,Deborah
Ross,Kathy
Perez,Gerald
Cole,Rose
Hall,Andrew
Marshall,Judy
Hanson,Jean
Campbell,Nancy
Crawford,Beverly
Martin,Robin
Hart,Sara
Burns,Kelly
Ray,Cynthia
Ellis,Gregory
Stephens,Diana
George,David
Holmes,Mark
Snyder,James
Ortiz,Nancy
Hernandez,Joseph
Ford,Jonathan
Miller,Ryan
Sanders,Edward
Parker,Philip
James,Kathryn
Harris,Julia
Harrison,Eric
Reyes,Adam
Hunter,Kathryn
Duncan,Tina
Long,Nicholas
Hunter,John
Ryan,Chris
Murray,Charles
Fernandez,Brian
Phillips,Deborah
Adams,Anna
Jordan,Evelyn
Brown,Anne
Woods,Clarence
Clark,Denise
Day,Harry
Hall,Brian
Stevens,Christine
Gibson,Louise
Ortiz,Janice
Elliott,Theresa
Mills,Stephanie
Bishop,Eugene
Long,Angela
Roberts,Phillip
Harvey,Linda
Fernandez,Thomas
Burns,Wanda
Gonzalez,Julia
Mccoy,Denise
Young,Victor
Lynch,Nicole
Ferguson,Heather
Chapman,Fred
Evans,Carolyn
Davis,Kenneth
Gonzalez,Richard
Bishop,George
Brown,Andrew
Morgan,Lawrence
Chapman,Annie
Cox,Ralph
Hunter,Henry
Rose,Billy
Peterson,Wanda
Hayes,Nancy
Montgomery,Ronald
Flores,Jeremy
Banks,Justin
Bennett,Peter
Kim,Wayne
Powell,Jane
Simmons,Nicholas
Roberts,Aaron
Gordon,Mark
Watson,Carol
Davis,Susan
Rivera,Debra
Carroll,Julie
Romero,Edward
Vasquez,Lillian
Hunt,Tina
Welch,David
Stanley,Philip
Hanson,Bobby
Cunningham,Annie
Jordan,Phillip
Warren,Betty
Reynolds,Shirley
Davis,Peter
Lewis,Katherine
Duncan,Ralph
Banks,Martha
Fowler,Brenda
Moreno,Douglas
Roberts,Susan
Oliver,Wanda
Perez,Julie
Richardson,Julia
Harper,Ruby
Martinez,Jeffrey
Henderson,Joe
Davis,Judy
Ortiz,Terry
Lane,Daniel
Lee,Terry
King,Theresa
Lee,Beverly
Hernandez,Roy
Fox,Laura
Brooks,Kathy
Smith,Ann
Bailey,Carl
Fernandez,Jose
Ellis,Cheryl
Wells,Virginia
Hughes,Sandra
Butler,Kathy
Andrews,Aaron
Baker,Laura
Harris,Rachel
Moreno,Bonnie
Spencer,Timothy
Dean,Jessica
Hughes,Karen
Medina,Bruce
White,Rachel
Carter,Diana
Tucker,Joan
Willis,Peter
Armstrong,Diana
Perry,Samuel
Henderson,Lawrence
Coleman,Sandra
Clark,Samuel
Holmes,Julia
Reid,Peter
Lawrence,Ashley
Romero,Michael
Greene,Kathleen
Burke,David
Wilson,Antonio
Stevens,Katherine
Harris,Brenda
Rose,Wanda
Cox,Rebecca
Ferguson,Ann
King,Ruth
Kim,Juan
Gibson,Ann
Hicks,Teresa
Bennett,Patricia
Thomas,Kathy
Nelson,Anna
Sanchez,Kelly
Reed,Anthony
Richardson,Linda
Reed,Johnny
Robertson,Joseph
Snyder,Judy
Phillips,Samuel
Garcia,Denise
Shaw,Wayne
Franklin,Samuel
Price,Arthur
Meyer,Michael
Richards,Janice
Franklin,Joyce
Kelly,Gerald
Berry,Brenda
Burke,Pamela
Reyes,Kimberly
Gilbert,Craig
Bryant,Willie
Medina,Diana
Grant,Sean
Edwards,Andrea
Howell,Steven
Stevens,Frank
Long,Ashley
Russell,Kathleen
Gonzalez,Joseph
Burke,Maria
Gilbert,Carlos
Warren,Randy
Ross,Nicole
Hudson,Lisa
Stewart,Tammy
Lawrence,Samuel
Walker,Howard
Parker,Diana
Price,Ryan
Gibson,John
Freeman,Annie
Bradley,Eric
Henderson,Thomas
Hansen,Ashley
Torres,Laura
Reyes,James
Kim,Jacqueline
Price,Alan
Johnston,Joan
Ramos,Sharon
Meyer,Amanda
Rivera,Denise
Wallace,Nicholas
Scott,Shirley
Hayes,Virginia
Tucker,Judy
Bell,Catherine
Dunn,Patrick
Cole,Kathleen
Garrett,Nancy
Willis,Rebecca
Hanson,Rachel
Perez,Norma
Wheeler,Donna
Scott,Johnny
Dunn,Jessica
Coleman,Lisa
Ward,Gerald
Coleman,Angela
Richardson,Eugene
Montgomery,Christine
Pierce,Diana
Ward,Linda
Powell,Harold
Mcdonald,Julia
Austin,Robin
Johnson,Henry
Williams,Wayne
Morales,Maria
Burns,Betty
Armstrong,Jane
Chavez,Lisa
Barnes,Janice
Harvey,Walter
Wagner,Matthew
Richards,Russell
Stone,Judith
Hughes,Joseph
Ward,Dorothy
Hawkins,Martin
Long,Eric
Long,Donna
Greene,Beverly
Moreno,Marie
Ross,Kathryn
Brooks,Pamela
Howell,Ashley
Hanson,Ashley
Nelson,Janet
Boyd,Catherine
Mitchell,Robert
Hill,David
Black,Jane
Knight,Kevin
Snyder,Judy
Frazier,Keith
Butler,Jonathan
Coleman,Karen
Washington,Philip
Carter,Ruby
Welch,Ralph
Stephens,Jonathan
Wood,Diana
Reid,Roy
Rose,Donald
Rose,Melissa
Cooper,Michael
Berry,Philip
Burton,Willie
Washington,Andrew
White,Sandra
Pierce,Denise
Phillips,Eugene
Hanson,Billy
Ryan,Anne
Ray,Raymond
Peterson,Diana
Mccoy,Martin
Thompson,Virginia
Armstrong,James
Burns,Joan
Sims,Andrew
Wilson,Ralph
Bennett,Ernest
Stewart,Kathleen
Peters,Harold
Gray,Frank
Andrews,Michael
George,Tina
Pierce,Ernest
Medina,Bruce
Hicks,Virginia
Carroll,Antonio
Gonzalez,Gregory
Richardson,Russell
Gutierrez,Stephanie
Duncan,Gregory
Ortiz,Marie
Sanders,Linda
Butler,Jane
Harper,Douglas
Dunn,Jane
Wilson,Theresa
Gibson,Fred
Williams,Daniel
Rice,Deborah
Payne,Harold
Stone,Carol
Fernandez,Shirley
Reid,Phyllis
Sullivan,Roy
Bowman,Cheryl
Ortiz,Marie
Walker,Howard
Johnson,Joan
Webb,Arthur
Martin,Stephanie
Ruiz,Chris
Olson,Marilyn
Wilson,Nancy
Perkins,Sharon
Flores,Kathleen
Morales,Joseph
Cunningham,Shawn
Morales,Craig
Daniels,Carolyn
Robertson,Mary
Henderson,Peter
Fields,Kevin
Meyer,Steven
Baker,Raymond
Carroll,Joyce
Garza,Elizabeth
Lynch,Howard
Taylor,Carol
Long,Christina
Davis,Katherine
Montgomery,Denise
Perkins,Annie
Parker,Diane
Snyder,Irene
Bryant,Cheryl
Romero,Cheryl
Morgan,Kimberly
Elliott,Lisa
Spencer,Louise
Owens,Tammy
Hart,Lillian
Gomez,Stephanie
Johnston,Peter
Bennett,Kenneth
Carr,Terry
Lewis,Sara
Lewis,Fred
Mendoza,Angela
Bell,Ralph
Reynolds,Aaron
Foster,Anna
Ramirez,Eugene
Garcia,Shirley
Nelson,Louise
Spencer,Jennifer
Mason,Lillian
Green,Brian
Evans,Todd
Gutierrez,Janice
Willis,Phyllis
Simpson,Denise
Fisher,Jimmy
Stone,Adam
Richards,Sarah
Owens,Melissa
Gonzalez,Bobby
Johnson,Linda
Bailey,Deborah
Ortiz,Julia
Oliver,William
Johnson,Jason
Green,Harold
Oliver,Virginia
Stanley,Carl
Greene,Joseph
Turner,Terry
White,Donald
Armstrong,Antonio
Holmes,Samuel
Kelley,Brian
Webb,Wanda
Oliver,Sharon
Hunter,Albert
Campbell,Doris
Moreno,Sharon
Henderson,Norma
Long,Anne
Perez,Sean
Bishop,Janet
Hicks,Carl
Garza,Kimberly
Henderson,Paul
Lane,Catherine
Hart,Judith
Morgan,Annie
Rivera,Scott
Cooper,Arthur
Payne,Adam
Patterson,Bobby
Rivera,Melissa
Ramirez,Jean
Lawrence,Tina
Williamson,Janice
Montgomery,Carol
Lawrence,Mary
Daniels,Julia
Cox,Rose
Collins,Lori
Long,Roger
Washington,Catherine
Lane,Frank
Sanders,Julie
Barnes,Susan
Lynch,Jimmy
Scott,Helen
Perkins,Cynthia
Rice,Henry
Oliver,John
Cox,Frances
Stanley,Jerry
Lopez,Harry
Rose,Elizabeth
Watkins,Christopher
Daniels,Chris
Barnes,Ruby
Watkins,Justin
Morris,Matthew
Campbell,Betty
Daniels,Harold
Elliott,Robin
Coleman,Anthony
Snyder,Lawrence
Hughes,Barbara
Bradley,Tina
Webb,Heather
Ortiz,Martin
Porter,Melissa
Flores,Sandra
Hunt,Sara
Russell,Kathy
White,Johnny
Mason,Benjamin
Bowman,Bonnie
Graham,Terry
Warren,Rebecca
Arnold,Nicholas
Chavez,Emily
Bradley,Ronald
Hanson,Aaron
Hamilton,Louise
Gray,Pamela
Torres,Paul
Lynch,Jonathan
Morrison,Jack
Gray,Ernest
Berry,Arthur
Owens,Julia
Castillo,Christina
Fisher,Anna
Price,Joshua
Nguyen,Ronald
Ferguson,Patrick
Torres,Barbara
Cox,Carl
Garcia,Sarah
Arnold,Lois
Garrett,Rachel
Knight,Diana
Robertson,Gary
Walker,Kevin
Palmer,Judith
Jones,James
Hughes,Cynthia
Greene,Lisa
Diaz,Louise
Greene,Brandon
Wallace,Timothy
Matthews,Keith
King,Carl
Bryant,Virginia
Gibson,Kathryn
Vasquez,Julie
Thompson,Earl
Gordon,Robin
Jenkins,Johnny
Reid,Keith
Reed,Amy
Burns,Donald
Perez,George
Watson,Lillian
Jordan,Willie
Warren,Aaron
Kim,Paul
Mccoy,Ruth
Mendoza,Cheryl
Cox,Randy
Green,Deborah
Day,Mildred
Meyer,Anna
Mills,Denise
Harvey,Stephanie
Mendoza,Maria
Moreno,Amanda
Frazier,Chris
White,Robin
Woods,Joyce
Schmidt,Timothy
Wagner,Sara
Stewart,Shirley
Lynch,Shirley
Mitchell,Nicole
Willis,Amanda
Kelley,Sharon
Baker,Eric
Watkins,Todd
Young,Judy
Henry,George
Murray,Gloria
Payne,Jesse
Fisher,Albert
Sanders,Terry
Thompson,Karen
Moreno,Julia
Thomas,Kenneth
Jacobs,Kelly
Stephens,Mary
Young,Gerald
Diaz,Juan
Simmons,Ashley
Jenkins,Roy
Knight,Diana
Stephens,Steven
Meyer,Lois
Ramos,Jesse
Martinez,Robin
Ray,William
Jenkins,Timothy
Ramirez,Cheryl
Martin,Matthew
Fisher,Ernest
Moore,Barbara
Nelson,Diane
Hanson,Joyce
Ross,Steven
Nguyen,Emily
Phillips,Russell
Morales,Lori
Ray,Ralph
Riley,Carolyn
Martinez,Frances
Bowman,Patricia
Alvarez,Ernest
Lynch,Justin
Johnson,Peter
Flores,Philip
Fields,Maria
Peterson,Steve
Wood,Randy
Hudson,Barbara
Williamson,Jason
Frazier,Ashley
King,Shirley
Ryan,Doris
Holmes,Paul
Collins,Janice
Mccoy,Jennifer
Gutierrez,Laura
Wells,Sarah
Wood,Henry
Little,Lawrence
Ward,Julia
Day,Sarah
Stanley,Denise
Meyer,Martin
Wagner,Andrea
Wheeler,Donald
Powell,Anthony
Sims,Sean
Graham,Fred
Reyes,Amanda
Long,Harold
Mason,Janet
Murray,Anna
Cook,Judith
Daniels,Phillip
Price,Pamela
Hunter,Anna
Bowman,Jack
Murphy,Dennis
Ward,Elizabeth
Ford,Shawn
Tucker,Elizabeth
Nguyen,Jeremy
Cunningham,Rebecca
Bishop,Nicole
Ruiz,Donna
Kelly,Patrick
Gray,Bonnie
Boyd,Mary
Watkins,Doris
Kennedy,Margaret
Butler,Diana
Ford,Ruby
Carpenter,Gregory
Nelson,Donna
Burke,Joan
Lopez,Susan
Frazier,Paula
Fields,Harry
Mccoy,Philip
Ray,Louis
Garcia,Jennifer
Payne,Deborah
Brown,Teresa
Stanley,Barbara
Davis,Arthur
Campbell,Ernest
Coleman,Raymond
Peterson,Beverly
Mason,Deborah
Fox,Anthony
Wells,Marilyn
Cunningham,Clarence
Gonzales,Irene
Garcia,Kathleen
Simmons,Jean
Porter,Kathryn
Brooks,Ernest
Hicks,Fred
Harper,Carlos
Russell,Teresa
Green,Kevin
Riley,Lawrence
Long,Harry
Simpson,Lawrence
Rice,Rachel
Nguyen,Jesse
Hayes,Theresa
Bryant,Deborah
Parker,Arthur
Ruiz,Heather
Ramos,Nancy
Fox,Ryan
Jackson,Carolyn
Green,Craig
Medina,Ruth
Johnson,Adam
Lewis,Robert
Gomez,Sharon
Greene,Tina
Moreno,Ronald
Castillo,Jerry
Powell,Alan
Payne,Amy
Perkins,Alan
Burton,Jacqueline
Young,Dennis
Ryan,Tammy
Kelley,Larry
Simpson,Timothy
Kelly,Christine
Palmer,Frances
Ray,Willie
Adams,Ashley
Bradley,Donna
Reed,Jesse
Reyes,Robert
Harper,Sara
Hall,Emily
Jacobs,Victor
Hansen,Jeremy
Ford,Sean
Bell,Nancy
Oliver,Joe
Boyd,Paul
Wells,Kathryn
Cole,Todd
Price,Jean
Rodriguez,Nancy
Wagner,Joan
Payne,Robert
Nguyen,Richard
Sims,Rebecca
Anderson,Deborah
Austin,Ryan
Williamson,Keith
Gilbert,Anne
Olson,Patricia
Sims,Lawrence
Jordan,Kenneth
Wells,Dorothy
Baker,Annie
Boyd,Joan
Porter,Russell
Garcia,Roger
Graham,Ruby
Chapman,Daniel
Castillo,Louise
Moore,Wanda
Vasquez,Edward
Crawford,Sara
Jackson,Dennis
Kelly,Sean
Grant,Timothy
Lopez,Jeffrey
Hughes,Rose
Mason,Gloria
Dean,Angela
Fisher,Richard
Parker,Virginia
Taylor,Ernest
Williams,Alice
Rose,Earl
Brooks,Johnny
Hernandez,Lawrence
Green,Bruce
Johnson,Emily
